{"cameraMode":{"drawMode":0,"name":"Shaded","section":"Shading Mode"},"sceneLighting":false,"audioPlay":false,"sceneViewState":{"m_AlwaysRefresh":false,"showFog":true,"showSkybox":true,"showFlares":true,"showImageEffects":true,"showParticleSystems":true,"showVisualEffectGraphs":true,"m_FxEnabled":true},"in2DMode":false,"pivot":{"x":3.2372899055480959,"y":3.6726067066192629,"z":-6.862384796142578},"rotation":{"x":-0.036864738911390308,"y":0.9623394012451172,"z":-0.16946490108966828,"w":-0.20934376120567323},"size":5.707395553588867,"orthographic":false}