{"cameraMode":{"drawMode":0,"name":"Shaded","section":"Shading Mode"},"sceneLighting":false,"audioPlay":false,"sceneViewState":{"m_AlwaysRefresh":false,"showFog":true,"showSkybox":true,"showFlares":true,"showImageEffects":true,"showParticleSystems":true,"showVisualEffectGraphs":true,"m_FxEnabled":true},"in2DMode":false,"pivot":{"x":2.171592950820923,"y":3.1866214275360109,"z":-5.494025230407715},"rotation":{"x":-0.06324868649244309,"y":0.024544870480895044,"z":-0.0015569290844723583,"w":-0.9976980686187744},"size":3.504103660583496,"orthographic":false}