{"cameraMode":{"drawMode":0,"name":"Shaded","section":"Shading Mode"},"sceneLighting":false,"audioPlay":false,"sceneViewState":{"m_AlwaysRefresh":false,"showFog":true,"showSkybox":true,"showFlares":true,"showImageEffects":true,"showParticleSystems":true,"showVisualEffectGraphs":true,"m_FxEnabled":true},"in2DMode":false,"pivot":{"x":2.9528279304504396,"y":2.1781671047210695,"z":-5.685075759887695},"rotation":{"x":-0.23906002938747407,"y":-0.05618785321712494,"z":0.013856996782124043,"w":-0.9692834615707398},"size":3.8041036128997804,"orthographic":false}