{"cameraMode":{"drawMode":0,"name":"Shaded","section":"Shading Mode"},"sceneLighting":true,"audioPlay":false,"sceneViewState":{"m_AlwaysRefresh":false,"showFog":true,"showSkybox":true,"showFlares":true,"showImageEffects":true,"showParticleSystems":true,"showVisualEffectGraphs":true,"m_FxEnabled":true},"in2DMode":false,"pivot":{"x":19.327157974243165,"y":6.023798942565918,"z":-1.195488452911377},"rotation":{"x":-0.26344361901283266,"y":0.06995691359043122,"z":-0.019158098846673967,"w":-0.9619517922401428},"size":1.9301273822784424,"orthographic":false}