{"cameraMode":{"drawMode":0,"name":"Shaded","section":"Shading Mode"},"sceneLighting":false,"audioPlay":false,"sceneViewState":{"showFog":true,"showMaterialUpdate":false,"showSkybox":true,"showFlares":true,"showImageEffects":true,"showParticleSystems":true},"in2DMode":false,"pivot":{"x":-0.4015541076660156,"y":-0.17247796058654786,"z":-4.076032638549805},"rotation":{"x":-0.016642680391669275,"y":0.982385516166687,"z":-0.1518004834651947,"w":-0.10770401358604431},"size":13.364166259765625,"orthographic":false}