{"cameraMode":{"drawMode":0,"name":"Shaded","section":"Shading Mode"},"sceneLighting":false,"audioPlay":false,"sceneViewState":{"showFog":true,"showMaterialUpdate":false,"showSkybox":true,"showFlares":true,"showImageEffects":true,"showParticleSystems":true},"in2DMode":false,"pivot":{"x":2.054083824157715,"y":3.418163537979126,"z":1.0164692401885987},"rotation":{"x":0.09517080336809159,"y":-0.9028452038764954,"z":0.3263041079044342,"w":0.2633279263973236},"size":10.0,"orthographic":false}